33354	resource 113 > &File > &Close...
40525	resource 126 > &File > &New > &PLS-CADD-Distribution
41051	resource 126 > &File > &New > PLS-CADD/Ultralite
57601	resource 126 > &File > &Open
33440	resource 126 > &File > &Close
40003	resource 126 > &File > &Save Ctrl+S
40004	resource 126 > &File > Save &As...
32780	resource 126 > &File > Import > &User Defined XYZ...
32781	resource 126 > &File > Import > User Defined PFL...
32775	resource 126 > &File > Import > &TLC5...
40532	resource 126 > &File > Import > Staking Table (from Spreadsheet/Database)...
40693	resource 126 > &File > &Export > &KMZ (Google Earth) ...
57605	resource 126 > &File > Page Se&tup (Reports)...
57606	resource 126 > &File > P&rint Setup (Graphics)...
57607	resource 126 > &File > &Print... Ctrl+P
57609	resource 126 > &File > Print Pre&view
33347	resource 126 > &File > &Backup...
33348	resource 126 > &File > Restore Back&up...
33349	resource 126 > &File > Pre&ferences...
57616	resource 126 > &File > Recent File
57665	resource 126 > &File > E&xit
57643	resource 126 > &Edit > &Undo Ctrl+Z
57644	resource 126 > &Edit > &Redo Ctrl+Y
57635	resource 126 > &Edit > Cu&t Ctrl+X
57634	resource 126 > &Edit > &Copy Ctrl+C
57637	resource 126 > &Edit > &Paste Ctrl+V
57642	resource 126 > &Edit > Select &All Ctrl-A
57696	resource 126 > &Edit > Fo&nt...
33411	resource 126 > &Edit > Auto&size Font...
57636	resource 126 > &Edit > &Find... Ctrl-F
57641	resource 126 > &Edit > R&eplace... Ctrl-R
33415	resource 126 > &Edit > &Goto Line...
38002	resource 126 > &Edit > Next Result Ctrl-+
38003	resource 126 > &Edit > Previous Result Ctrl--
215	resource 126 > &View > &Zoom Rect
216	resource 126 > &View > I&nverse Zoom Rect
212	resource 126 > &View > &Initial F3
40570	resource 126 > &View > &Goto Structure... G
210	resource 126 > &View > P&an, Zoom && Rotate > Zoom In +
211	resource 126 > &View > P&an, Zoom && Rotate > Zoom Out -
286	resource 126 > &View > P&an, Zoom && Rotate > Show Scale Indicator
33447	resource 126 > &View > P&an, Zoom && Rotate > Pan Up Up
33448	resource 126 > &View > P&an, Zoom && Rotate > Pan Down Down
33449	resource 126 > &View > P&an, Zoom && Rotate > Pan Left Left
33450	resource 126 > &View > P&an, Zoom && Rotate > Pan Right Right
40673	resource 126 > &View > P&an, Zoom && Rotate > Pan all Views in Unison
40077	resource 126 > &View > P&an, Zoom && Rotate > Zoom Prev Sheet PgUp
40079	resource 126 > &View > P&an, Zoom && Rotate > Zoom Next Sheet PgDn
40097	resource 126 > &View > P&an, Zoom && Rotate > First Sheet Home
40098	resource 126 > &View > P&an, Zoom && Rotate > Last Sheet End
204	resource 126 > &View > P&an, Zoom && Rotate > Latitude &Minus PgDn
205	resource 126 > &View > P&an, Zoom && Rotate > Latitude &Plus PgUp
209	resource 126 > &View > P&an, Zoom && Rotate > &Longitude Minus Home
208	resource 126 > &View > P&an, Zoom && Rotate > L&ongitude Plus End
219	resource 126 > &View > P&an, Zoom && Rotate > Set Rotation  &Origin
213	resource 126 > &View > P&an, Zoom && Rotate > &Set Rotations and Scale factors...
40585	resource 126 > &View > P&an, Zoom && Rotate > C&ross Section C
41007	resource 126 > &View > P&an, Zoom && Rotate > Virtual Profile
221	resource 126 > &View > P&an, Zoom && Rotate > &Clip...
35917	resource 126 > &View > P&an, Zoom && Rotate > Vanishing Point Mode (3D View)... V
38117	resource 126 > &View > Entity Info &Snap Settings...
220	resource 126 > &View > Measure &Distance > Between &Points F7
40764	resource 126 > &View > Measure &Distance > Between &Entities
35953	resource 126 > &View > C&alculate Area or Angle
32836	resource 126 > &View > &Markers > &Clear Markers F5
40686	resource 126 > &View > &Markers > &Load Marker File...
40687	resource 126 > &View > &Markers > &Save Marker FIle...
59392	resource 126 > &View > &Toolbars > Standard &Toolbar
412	resource 126 > &View > &Toolbars > 3D Tool&bar
33451	resource 126 > &View > &Toolbars > A&pplication Toolbar
415	resource 126 > &View > &Toolbars > &Distribution Toolbar
273	resource 126 > &View > &Toolbars > &Report Navigator Toolbar
271	resource 126 > &View > &Toolbars > &Quick Search Toolbar
40400	resource 126 > &View > &Toolbars > &Auto Arrange Toolbars
33446	resource 126 > &View > &Toolbars > &Hide All Toolbars
59393	resource 126 > &View > &Toolbars > &Status Bar
32789	resource 126 > &Survey Data > &Edit > Edit &XYZ...
32824	resource 126 > &Survey Data > &Edit > &Deactivate, Delete, or Export Points > &Non-Graphical...
40539	resource 126 > &Survey Data > &Edit > &Deactivate, Delete, or Export Points > Inside or Outside &Fence...
737	resource 126 > &Survey Data > &Edit > &Deactivate, Delete, or Export Points > Inside or Outside &Polygon...
40800	resource 126 > &Survey Data > &Edit > &Deactivate, Delete, or Export Points > Inside or Outside &DXF or SHP Polygon...
40803	resource 126 > &Survey Data > &Edit > &Deactivate, Delete, or Export Points > Inside or Outside Pla&nar Feature...
32825	resource 126 > &Survey Data > &Edit > &Reactivate Points...
32813	resource 126 > &Survey Data > &Edit > &Merge Points from External File > Merge Points from &XYZ Files...
40733	resource 126 > &Survey Data > &Edit > &Merge Points from External File > Merge Points from &LAS/LAZ Files...
41109	resource 126 > &Survey Data > &Edit > &Merge Points from External File > Merge Points from &Internet...
32814	resource 126 > &Survey Data > &Edit > &Merge Points from External File > Merge XYZ Points from &User Defined XYZ Files...
40070	resource 126 > &Survey Data > &Edit > &Merge Points from External File > Create XYZ or PFL Points from &DXF or SHP Attachment...
41070	resource 126 > &Survey Data > &Edit > &Merge Points from External File > Merge Points from &Raster Attachment...
40552	resource 126 > &Survey Data > &Edit > &Merge Points from External File > Merge Points from &ARC/INFO® ASCII Grid File...
40740	resource 126 > &Survey Data > &Edit > &Merge Points from External File > Merge Points from &KML/KMZ Files...
32812	resource 126 > &Survey Data > &Edit > Delete Duplicate XYZ points...
40573	resource 126 > &Survey Data > &Edit > &Change Feature Code > Inside &Fence
40791	resource 126 > &Survey Data > &Edit > &Change Feature Code > Inside &Polygon
40729	resource 126 > &Survey Data > &Edit > &Change Feature Code > &Search && Replace
40801	resource 126 > &Survey Data > &Edit > &Change Feature Code > Inside &DXF or SHP Polygon
40802	resource 126 > &Survey Data > &Edit > &Change Feature Code > Inside Pla&nar Feature...
40828	resource 126 > &Survey Data > &Edit > &Change Feature Code > From &Raster Attachment Values...
40690	resource 126 > &Survey Data > Coordinate S&ystem > &Define
40511	resource 126 > &Survey Data > Coordinate S&ystem > &Reproject Project
32803	resource 126 > &Survey Data > &Survey Symbols and Clearances > &Edit...
32782	resource 126 > &Survey Data > &Survey Symbols and Clearances > &Feature Code for Ground Clearance
32805	resource 126 > &Survey Data > &Survey Symbols and Clearances > &Load FEA File...
32804	resource 126 > &Survey Data > &Survey Symbols and Clearances > &Save FEA File...
32806	resource 126 > &Survey Data > &Survey Symbols and Clearances > &Report...
2434	resource 126 > &Survey Data > &Survey Symbols and Clearances > Draw &symbol selected in feature code table
2435	resource 126 > &Survey Data > &Survey Symbols and Clearances > Draw a &point
2436	resource 126 > &Survey Data > &Survey Symbols and Clearances > Do &not draw any symbols
3116	resource 126 > &Survey Data > &Survey Symbols and Clearances > Draw symbols only for &designated feature codes
3108	resource 126 > &Survey Data > &Survey Symbols and Clearances > Select designated feature codes to draw symbols for...
32817	resource 126 > &Survey Data > &Surface Modeling > Display &Options...
32815	resource 126 > &Survey Data > &Surface Modeling > &Create Surface Model...
32816	resource 126 > &Survey Data > &Surface Modeling > &Delete Surface Model
32822	resource 126 > &Survey Data > &Surface Modeling > &Add point at X,Y
40090	resource 126 > &Survey Data > &Surface Modeling > Surface Model Interpolation for &Z=0 Survey Points, or XY Based Structures...
40338	resource 126 > &District Loading > Select &District Loading...
32866	resource 126 > &District Loading > &Report...
40117	resource 126 > &Structures > &Add > &XY Structure
40118	resource 126 > &Structures > &Add > XY Structure Along &Line...
40128	resource 126 > &Structures > &Add > XY Structure at Survey &Point
40062	resource 126 > &Structures > &Modify
40061	resource 126 > &Structures > M&ove > &Freehand
40021	resource 126 > &Structures > M&ove > On &Snap...
40119	resource 126 > &Structures > M&ove > XY Structure Along &Line...
40063	resource 126 > &Structures > &Remove
40034	resource 126 > &Structures > Ro&tate > &Freehand
40129	resource 126 > &Structures > Ro&tate > &Bisect Points
40412	resource 126 > &Structures > Sta&king Table...
41087	resource 126 > &Structures > &Jumpers > &Add
41088	resource 126 > &Structures > &Jumpers > &Delete
41089	resource 126 > &Structures > &Jumpers > &Edit
41090	resource 126 > &Structures > &Jumpers > &Move
41092	resource 126 > &Structures > &Jumpers > &Copy/Paste
41091	resource 126 > &Structures > &Jumpers > Graphical &Sag
40067	resource 126 > &Structures > Cop&y
40068	resource 126 > &Structures > &Paste
40022	resource 126 > &Structures > &Check
40517	resource 126 > &Structures > C&ustomize Structure > Move &Guy Anchor > Snap to Survey &Point
40518	resource 126 > &Structures > C&ustomize Structure > Move &Guy Anchor > &Freehand
40519	resource 126 > &Structures > C&ustomize Structure > Move &Guy Anchor > &Inline with Wire
40520	resource 126 > &Structures > C&ustomize Structure > Move &Guy Anchor > &Bisect Line Angle
40711	resource 126 > &Structures > C&ustomize Structure > Move &Guy Anchor > &Slope Intersect with Surface Model
40701	resource 126 > &Structures > C&ustomize Structure > Move &Framing > &Rotate Arm Perpendicular to Wire
40130	resource 126 > &Structures > C&ustomize Structure > Move &Framing > Rotate &Freehand
40515	resource 126 > &Structures > C&ustomize Structure > Move &Framing > &Attachment Point > &Snap to Survey Point
40516	resource 126 > &Structures > C&ustomize Structure > Move &Framing > &Attachment Point > &Freehand
40991	resource 126 > &Wires > &Add Graphical...
40047	resource 126 > &Wires > &Modify
40045	resource 126 > &Wires > &Remove...
40743	resource 126 > &Wires > Graphically Relocate &Wires
40421	resource 126 > &Wires > &Graphical Sag...
40337	resource 126 > &Wires > A&utoSag
40606	resource 126 > &Wires > &Table...
40112	resource 126 > &Wires > &Display Options...
40039	resource 126 > &Wires > &Sag-Tension...
40038	resource 126 > &Wires > Chec&k...
40664	resource 126 > &Wires > C&learances > To &Ground > TIN &Vertical
40665	resource 126 > &Wires > C&learances > To &Ground > TIN &Minimum Distance
32890	resource 126 > &Wires > C&learances > To &Structure...
40040	resource 126 > &Wires > C&learances > &Between Sections...
40041	resource 126 > &Wires > C&learances > Galloping &Ellipses...
40042	resource 126 > &Wires > Stri&nging Chart > &Single Section...
40043	resource 126 > &Wires > Stri&nging Chart > &Multiple Sections...
628	resource 126 > Su&mmary > &Project Information
40014	resource 126 > &Reports > Structure &Usage...
40015	resource 126 > &Reports > &Wire Usage...
40016	resource 126 > &Reports > Survey &Clearances...
40530	resource 126 > &Reports > St&ructure Clearances...
40535	resource 126 > &Reports > Wire C&learances...
40018	resource 126 > &Reports > Check &All...
40019	resource 126 > &Reports > &Summary...
40412	resource 126 > &Reports > Sta&king Table...
40577	resource 126 > &Reports > &Construction Staking Report...
32832	resource 126 > &Drafting > Structure &Numbers...
240	resource 126 > &Drafting > &Black && White
264	resource 126 > &Drafting > Show Structure Compass
32837	resource 126 > &Drafting > Show &Cable Attachment Points
40996	resource 126 > &Drafting > Show Stringing Direction
40618	resource 126 > &Drafting > Show Set and Phase Labels in 3D Views
40401	resource 126 > &Drafting > Show Structure and Section Check &Bitmaps
40983	resource 126 > &Drafting > Show &Embedded Portions of Structures
40827	resource 126 > &Drafting > Show Insulator Counter &Weights
32831	resource 126 > &Drafting > L&oad Drafting Standards...
35904	resource 126 > &Drafting > &Reference Drawings and Images > &Attachment Manager...
35954	resource 126 > &Drafting > &Reference Drawings and Images > Ima&ge Info
35950	resource 126 > &Drafting > &Reference Drawings and Images > C&rop Image...
40126	resource 126 > &Drafting > &Reference Drawings and Images > &Image Drawing Options...
40777	resource 126 > &Drafting > &Reference Drawings and Images > &Find Text...
35905	resource 126 > &Drafting > &Reference Drawings and Images > &Move...
35906	resource 126 > &Drafting > &Reference Drawings and Images > &Stretch...
40943	resource 126 > &Drafting > &Reference Drawings and Images > Associate Structure P&hotos...
40522	resource 126 > &Drafting > &Reference Drawings and Images > M&erge in Attachments From Another Project...
40980	resource 126 > &Drafting > &Reference Drawings and Images > &LiDAR Video Setup > ACA
40715	resource 126 > &Drafting > &Reference Drawings and Images > &LiDAR Video Setup > Aerotec...
40484	resource 126 > &Drafting > &Reference Drawings and Images > &LiDAR Video Setup > FLI-MAP...
40760	resource 126 > &Drafting > &Reference Drawings and Images > &LiDAR Video Setup > GeoDigital...
40637	resource 126 > &Drafting > &Reference Drawings and Images > &LiDAR Video Setup > Network Mapping...
41036	resource 126 > &Drafting > &Reference Drawings and Images > &LiDAR Video Setup > Opten...
40924	resource 126 > &Drafting > &Reference Drawings and Images > &LiDAR Video Setup > Remote GeoSystems LineVision...
40587	resource 126 > &Drafting > &Reference Drawings and Images > &LiDAR Video Setup > Terra Remote Sensing...
40795	resource 126 > &Drafting > &Reference Drawings and Images > &LiDAR Video Setup > URMC...
40732	resource 126 > &Drafting > &Reference Drawings and Images > &LiDAR Video Setup > W.I.R.E. Services...
40741	resource 126 > &Drafting > &Reference Drawings and Images > &LiDAR Video Setup > XP-RS...
40925	resource 126 > &Drafting > &Reference Drawings and Images > &LiDAR Video Setup > Clear Player and Video Name
40331	resource 126 > &Drafting > &Reference Drawings and Images > &WMS
38045	resource 126 > &Drafting > &Lines and Annotation > &Add > &Line...
38046	resource 126 > &Drafting > &Lines and Annotation > &Add > &Arrow To...
38047	resource 126 > &Drafting > &Lines and Annotation > &Add > Arrow &From...
38048	resource 126 > &Drafting > &Lines and Annotation > &Add > &Polygon...
38178	resource 126 > &Drafting > &Lines and Annotation > &Add > &Arc..
38177	resource 126 > &Drafting > &Lines and Annotation > &Add > &Ellipse/Circle...
38179	resource 126 > &Drafting > &Lines and Annotation > &Add > &Dimension Angle...
38049	resource 126 > &Drafting > &Lines and Annotation > &Add > &Dimension...
38050	resource 126 > &Drafting > &Lines and Annotation > &Add > &Text...
38041	resource 126 > &Drafting > &Lines and Annotation > &Edit...
38043	resource 126 > &Drafting > &Lines and Annotation > &Delete...
38042	resource 126 > &Drafting > &Lines and Annotation > Move &Point or Text...
38063	resource 126 > &Drafting > &Lines and Annotation > Move &Line or Polygon...
38064	resource 126 > &Drafting > &Lines and Annotation > Rotate Line or &Polygon...
38053	resource 126 > &Drafting > &Lines and Annotation > R&otate Text...
40442	resource 126 > &Drafting > &Lines and Annotation > &Snap Mode
40443	resource 126 > &Drafting > &Lines and Annotation > Dynamic &Redraw
38040	resource 126 > &Drafting > &Lines and Annotation > &Table Edit...
40521	resource 126 > &Drafting > &Lines and Annotation > &Merge in Annotation from another project...
32841	resource 126 > &Window > &New Window > &Plan View
32842	resource 126 > &Window > &New Window > Profile &View
32843	resource 126 > &Window > &New Window > &3D View
40075	resource 126 > &Window > &New Window > &Sheets View
33350	resource 126 > &Window > &New Window > &Report View
33444	resource 126 > &Window > &New Window > Structure Vie&w
57652	resource 126 > &Window > Tile &Vertical
33352	resource 126 > &Window > C&lose All
32884	resource 126 > &Help > &Help Topics
35926	resource 126 > &Help > &View Manual
35927	resource 126 > &Help > &Check for Updated Manual...
35940	resource 126 > &Help > &Select Manual...
35938	resource 126 > &Help > &Download Upgrade...
33481	resource 126 > &Help > Download &Examples...
35932	resource 126 > &Help > D&ownload Alternate Language...
190	resource 126 > &Help > T&ip of the Day...
35930	resource 126 > &Help > Visit the PLS &News Page
35929	resource 126 > &Help > Visit the PLS &Technical Notes Page
35936	resource 126 > &Help > Visit the PLS Online &Library
38387	resource 126 > &Help > &Register for Training Classes...
57664	resource 126 > &Help > &About...
33354	resource 127 > &File > &Close...
40525	resource 128 > &File > &New > &PLS-CADD
40526	resource 128 > &File > &New > PLS-CADD/&Lite
41051	resource 128 > &File > &New > PLS-CADD/Ultralite
40864	resource 128 > &File > &New > Project &Estimator..
57601	resource 128 > &File > &Open
32780	resource 128 > &File > Import > &User defined XYZ
32781	resource 128 > &File > Import > User defined PFL
32775	resource 128 > &File > Import > &TLC5
40532	resource 128 > &File > Import > Staking Table (from Spreadsheet/Database)...
40106	resource 128 > &File > Create New Structure...
40032	resource 128 > &File > &Edit Structure...
40048	resource 128 > &File > &Edit Cable File...
32835	resource 128 > &File > PLS-&Grid > &Open Grid View
40005	resource 128 > &File > PLS-&Grid > &Project Report
40035	resource 128 > &File > PLS-&Grid > &Batch Index Projects...
41120	resource 128 > &File > PLS-&Grid > &Display Options...
38410	resource 128 > &File > PLS-&Grid > &Select in Grid View
57606	resource 128 > &File > P&rint Setup (Graphics)...
33347	resource 128 > &File > &Backup...
33348	resource 128 > &File > Restore Back&up...
33349	resource 128 > &File > Pre&ferences...
57616	resource 128 > &File > Recent File
57665	resource 128 > &File > E&xit
215	resource 128 > &View > &Zoom Rect
216	resource 128 > &View > I&nverse Zoom Rect
212	resource 128 > &View > &Initial F3
225	resource 128 > &View > &Previous Shift+Backspace
217	resource 128 > &View > &Redraw F4
245	resource 128 > &View > &Full Screen
210	resource 128 > &View > P&an, Zoom && Rotate > Zoom In +
211	resource 128 > &View > P&an, Zoom && Rotate > Zoom Out -
286	resource 128 > &View > P&an, Zoom && Rotate > Show Scale Indicator
33447	resource 128 > &View > P&an, Zoom && Rotate > Pan Up Up
33448	resource 128 > &View > P&an, Zoom && Rotate > Pan Down Down
33449	resource 128 > &View > P&an, Zoom && Rotate > Pan Left Left
33450	resource 128 > &View > P&an, Zoom && Rotate > Pan Right Right
226	resource 128 > &View > Digital Ink F2
59392	resource 128 > &View > &Toolbars > Standard &Toolbar
33451	resource 128 > &View > &Toolbars > A&pplication Toolbar
271	resource 128 > &View > &Toolbars > &Quick Search Toolbar
40400	resource 128 > &View > &Toolbars > &Auto Arrange Toolbars
33446	resource 128 > &View > &Toolbars > &Hide All Toolbars
59393	resource 128 > &View > &Toolbars > &Status Bar
32884	resource 128 > Help > &Help Topics
35926	resource 128 > Help > &View Manual
35927	resource 128 > Help > &Check for Updated Manual...
35940	resource 128 > Help > &Select Manual...
35938	resource 128 > Help > &Download Upgrade...
33481	resource 128 > Help > Download &Examples...
35932	resource 128 > Help > D&ownload Alternate Language...
190	resource 128 > Help > T&ip of the Day...
35930	resource 128 > Help > Visit the PLS &News Page
35929	resource 128 > Help > Visit the PLS &Technical Notes Page
35936	resource 128 > Help > Visit the PLS Online &Library
38387	resource 128 > Help > &Register for Training Classes...
57664	resource 128 > Help > &About...
40525	resource 129 > &File > &New > &PLS-CADD
40526	resource 129 > &File > &New > PLS-CADD-&Lite
41051	resource 129 > &File > &New > PLS-CADD/Ultralite
40864	resource 129 > &File > &New > Project &Estimator...
57601	resource 129 > &File > &Open
33440	resource 129 > &File > &Close
40003	resource 129 > &File > &Save Ctrl+S
40004	resource 129 > &File > Save &As...
32780	resource 129 > &File > Import > &User Defined XYZ...
32781	resource 129 > &File > Import > User Defined PFL...
32775	resource 129 > &File > Import > &TLC5...
40532	resource 129 > &File > Import > &Staking Table (from Spreadsheet/Database)...
41114	resource 129 > &File > Import > Sectio&ns Table...
218	resource 129 > &File > &Export > &DXF...
40600	resource 129 > &File > &Export > &XML...
40997	resource 129 > &File > &Export > XML &Settings...
40693	resource 129 > &File > &Export > &KMZ (Google Earth) ...
40730	resource 129 > &File > &Export > &PFL...
32835	resource 129 > &File > PLS-&Grid > &Open Grid View
40005	resource 129 > &File > PLS-&Grid > &Project Report
40035	resource 129 > &File > PLS-&Grid > &Batch Index Projects...
41119	resource 129 > &File > PLS-&Grid > &Export To Grid...
41120	resource 129 > &File > PLS-&Grid > &Display Options...
38410	resource 129 > &File > PLS-&Grid > &Select in Grid View
57605	resource 129 > &File > Page Se&tup (Reports)...
57606	resource 129 > &File > P&rint Setup (Graphics)...
57607	resource 129 > &File > &Print... Ctrl+P
57609	resource 129 > &File > Print Pre&view
33347	resource 129 > &File > &Backup...
33348	resource 129 > &File > Restore Back&up...
41116	resource 129 > &File > Project &Diff...
33349	resource 129 > &File > Pre&ferences...
57616	resource 129 > &File > Recent File
57665	resource 129 > &File > E&xit
57643	resource 129 > &Edit > &Undo Ctrl+Z
57644	resource 129 > &Edit > &Redo Ctrl+Y
57635	resource 129 > &Edit > Cu&t Ctrl+X
57634	resource 129 > &Edit > &Copy Ctrl+C
57637	resource 129 > &Edit > &Paste Ctrl+V
57642	resource 129 > &Edit > Select &All Ctrl-A
57696	resource 129 > &Edit > Fo&nt...
33411	resource 129 > &Edit > Auto&size Font...
57636	resource 129 > &Edit > &Find... Ctrl-F
57641	resource 129 > &Edit > R&eplace... Ctrl-R
33415	resource 129 > &Edit > &Goto Line...
38002	resource 129 > &Edit > Next Result Ctrl-+
38003	resource 129 > &Edit > Previous Result Ctrl--
215	resource 129 > &View > &Zoom Rect
216	resource 129 > &View > I&nverse Zoom Rect
212	resource 129 > &View > &Initial F3
225	resource 129 > &View > &Previous Shift+Backspace
217	resource 129 > &View > &Redraw F4
245	resource 129 > &View > &Full Screen
40570	resource 129 > &View > &Goto Structure... G
210	resource 129 > &View > P&an, Zoom && Rotate > Zoom In +
211	resource 129 > &View > P&an, Zoom && Rotate > Zoom Out -
286	resource 129 > &View > P&an, Zoom && Rotate > Show Scale Indicator
33447	resource 129 > &View > P&an, Zoom && Rotate > Pan Up Up
33448	resource 129 > &View > P&an, Zoom && Rotate > Pan Down Down
33449	resource 129 > &View > P&an, Zoom && Rotate > Pan Left Left
33450	resource 129 > &View > P&an, Zoom && Rotate > Pan Right Right
40673	resource 129 > &View > P&an, Zoom && Rotate > Pan all Views in Unison
40077	resource 129 > &View > P&an, Zoom && Rotate > Zoom Prev Sheet PgUp
40079	resource 129 > &View > P&an, Zoom && Rotate > Zoom Next Sheet PgDn
40097	resource 129 > &View > P&an, Zoom && Rotate > First Sheet Home
40098	resource 129 > &View > P&an, Zoom && Rotate > Last Sheet End
204	resource 129 > &View > P&an, Zoom && Rotate > Latitude &Minus PgDn
205	resource 129 > &View > P&an, Zoom && Rotate > Latitude &Plus PgUp
209	resource 129 > &View > P&an, Zoom && Rotate > &Longitude Minus Home
208	resource 129 > &View > P&an, Zoom && Rotate > L&ongitude Plus End
219	resource 129 > &View > P&an, Zoom && Rotate > Set Rotation  &Origin
213	resource 129 > &View > P&an, Zoom && Rotate > &Set Rotations and Scale factors...
40585	resource 129 > &View > P&an, Zoom && Rotate > C&ross Section C
41007	resource 129 > &View > P&an, Zoom && Rotate > Virtual Profile
221	resource 129 > &View > P&an, Zoom && Rotate > &Clip...
35917	resource 129 > &View > P&an, Zoom && Rotate > Vanishing Point Mode (3D View)... V
38117	resource 129 > &View > Entity Info &Snap Settings...
220	resource 129 > &View > Measure &Distance > Between &Points F7
40764	resource 129 > &View > Measure &Distance > Between &Entities
226	resource 129 > &View > Digital Ink F2
35953	resource 129 > &View > C&alculate Area or Angle
32836	resource 129 > &View > &Markers > &Clear Markers F5
40686	resource 129 > &View > &Markers > &Load Marker File...
40687	resource 129 > &View > &Markers > &Save Marker FIle...
59392	resource 129 > &View > &Toolbars > Standard &Toolbar
412	resource 129 > &View > &Toolbars > 3D Tool&bar
33451	resource 129 > &View > &Toolbars > A&pplication Toolbar
414	resource 129 > &View > &Toolbars > A&nnotation Toolbar
411	resource 129 > &View > &Toolbars > A&lignment Toolbar
410	resource 129 > &View > &Toolbars > St&ructures Toolbar
409	resource 129 > &View > &Toolbars > Secti&ons Toolbar
38075	resource 129 > &View > &Toolbars > &Custom Toolbars > Custom Toolbar 1
38076	resource 129 > &View > &Toolbars > &Custom Toolbars > Custom Toolbar 2
38077	resource 129 > &View > &Toolbars > &Custom Toolbars > Custom Toolbar 3
38078	resource 129 > &View > &Toolbars > &Custom Toolbars > Custom Toolbar 4
273	resource 129 > &View > &Toolbars > &Report Navigator Toolbar
271	resource 129 > &View > &Toolbars > &Quick Search Toolbar
40400	resource 129 > &View > &Toolbars > &Auto Arrange Toolbars
33446	resource 129 > &View > &Toolbars > &Hide All Toolbars
59393	resource 129 > &View > &Toolbars > &Status Bar
33470	resource 129 > &View > &Edit Customizations > &Report Strings...
33480	resource 129 > &View > &Edit Customizations > &Menu Titles, Tips and Hotkeys...
33482	resource 129 > &View > &Edit Customizations > &Dialog Strings...
33483	resource 129 > &View > &Edit Customizations > D&ialog Tips...
33471	resource 129 > &View > &Edit Customizations > &Tables...
33493	resource 129 > &View > &Edit Customizations > &Custom Toolbar...
38062	resource 129 > &View > &Edit Customizations > Add To Custom Toolbar via Right Click
32800	resource 129 > &Terrain > &Info...
40411	resource 129 > &Terrain > &Clearance...
32789	resource 129 > &Terrain > &Edit > Edit &XYZ...
32790	resource 129 > &Terrain > &Edit > Edit &PFL...
32811	resource 129 > &Terrain > &Edit > Edit &Origin...
40567	resource 129 > &Terrain > &Edit > S&hift/Scale/Rotate XYZ coordinate system (XYZ files only)...
32824	resource 129 > &Terrain > &Edit > &Deactivate, Delete, or Export Points > &Non-Graphical...
40539	resource 129 > &Terrain > &Edit > &Deactivate, Delete, or Export Points > Inside or Outside &Fence...
737	resource 129 > &Terrain > &Edit > &Deactivate, Delete, or Export Points > Inside or Outside &Polygon...
40800	resource 129 > &Terrain > &Edit > &Deactivate, Delete, or Export Points > Inside or Outside &DXF or SHP Polygon...
40803	resource 129 > &Terrain > &Edit > &Deactivate, Delete, or Export Points > Inside or Outside Pla&nar Feature...
32825	resource 129 > &Terrain > &Edit > &Reactivate Points...
32813	resource 129 > &Terrain > &Edit > &Merge Points from External File > Merge Points from &XYZ Files...
32891	resource 129 > &Terrain > &Edit > &Merge Points from External File > Merge Points from &PFL File...
40733	resource 129 > &Terrain > &Edit > &Merge Points from External File > Merge Points from &LAS/LAZ Files...
41109	resource 129 > &Terrain > &Edit > &Merge Points from External File > Merge Points from &Internet...
32814	resource 129 > &Terrain > &Edit > &Merge Points from External File > Merge XYZ Points from &User Defined XYZ Files...
40070	resource 129 > &Terrain > &Edit > &Merge Points from External File > Create XYZ or PFL Points from &DXF or SHP Attachment...
41070	resource 129 > &Terrain > &Edit > &Merge Points from External File > Merge Points from &Raster Attachment...
40552	resource 129 > &Terrain > &Edit > &Merge Points from External File > Merge Points from &ARC/INFO® ASCII Grid File...
40553	resource 129 > &Terrain > &Edit > &Merge Points from External File > Merge Points from PoleLOG File...
40740	resource 129 > &Terrain > &Edit > &Merge Points from External File > Merge Points from &KML/KMZ Files...
40735	resource 129 > &Terrain > &Edit > &Sort XYZ Points > Sort to Optimize Redraw Speed
40091	resource 129 > &Terrain > &Edit > &Sort XYZ Points > Sort by &XYZ coordinates
40722	resource 129 > &Terrain > &Edit > &Sort XYZ Points > Sort by &Z coordinates
40680	resource 129 > &Terrain > &Edit > &Sort XYZ Points > Sort by Point &Descriptor
40681	resource 129 > &Terrain > &Edit > &Sort XYZ Points > Sort by Profile &Comment
40682	resource 129 > &Terrain > &Edit > &Sort XYZ Points > Sort by &Plan Comment
40678	resource 129 > &Terrain > &Edit > &Sort XYZ Points > Sort by &Feature Code
32812	resource 129 > &Terrain > &Edit > Delete Duplicate XYZ points...
40429	resource 129 > &Terrain > &Edit > Delete Duplicate PFL points...
40089	resource 129 > &Terrain > &Edit > Adjust H and Z for Points with same X and Y...
40415	resource 129 > &Terrain > &Edit > &Add PFL Point...
40416	resource 129 > &Terrain > &Edit > D&elete PFL Point...
40573	resource 129 > &Terrain > &Edit > &Change Feature Code > Inside &Fence
40791	resource 129 > &Terrain > &Edit > &Change Feature Code > Inside &Polygon
40729	resource 129 > &Terrain > &Edit > &Change Feature Code > &Search && Replace
40801	resource 129 > &Terrain > &Edit > &Change Feature Code > Inside &DXF or SHP Polygon
40802	resource 129 > &Terrain > &Edit > &Change Feature Code > Inside Pla&nar Feature...
40828	resource 129 > &Terrain > &Edit > &Change Feature Code > From &Raster Attachment Values...
40984	resource 129 > &Terrain > &Edit > LiDAR Tools > Ground Point Classification...
40985	resource 129 > &Terrain > &Edit > LiDAR Tools > Find Wire Points...
40986	resource 129 > &Terrain > &Edit > LiDAR Tools > Find Structure Points...
40987	resource 129 > &Terrain > &Edit > LiDAR Tools > Find Centroids of Structure Points...
40988	resource 129 > &Terrain > &Edit > LiDAR Tools > Catenaries > Fit Catenaries...
40989	resource 129 > &Terrain > &Edit > LiDAR Tools > Catenaries > Toggle Catenaries On/Off
40992	resource 129 > &Terrain > &Edit > LiDAR Tools > Attachments > Find Attachments...
40993	resource 129 > &Terrain > &Edit > LiDAR Tools > Attachments > Toggle Attachment Type
40994	resource 129 > &Terrain > &Edit > LiDAR Tools > Attachments > Move Attachments
40995	resource 129 > &Terrain > &Edit > LiDAR Tools > Attachments > Merge Adjacent Catenaries
40690	resource 129 > &Terrain > Coordinate S&ystem > &Define
40509	resource 129 > &Terrain > Coordinate S&ystem > &Coordinate System Calculator...
40511	resource 129 > &Terrain > Coordinate S&ystem > &Reproject Project
40793	resource 129 > &Terrain > Enable &GPS Tracking...
40441	resource 129 > &Terrain > Survey Data Display &Options...
40808	resource 129 > &Terrain > Survey Data Report...
32801	resource 129 > &Terrain > Clearance &Line...
41078	resource 129 > &Terrain > &Update Wire Clearance Line or Profile Below Wire
32785	resource 129 > &Terrain > Terrain &Widths...
32788	resource 129 > &Terrain > &Side Profiles...
32783	resource 129 > &Terrain > Station E&quations...
40099	resource 129 > &Terrain > &Alignment > Survey Point &Snap...
40671	resource 129 > &Terrain > &Alignment > Auto &Interpolate TIN Points Upon PI Edit
32810	resource 129 > &Terrain > &Alignment > &Add P.I.
32809	resource 129 > &Terrain > &Alignment > &Delete P.I.
41105	resource 129 > &Terrain > &Alignment > Delete P.I. Range...
32808	resource 129 > &Terrain > &Alignment > &Move P.I.
40829	resource 129 > &Terrain > &Alignment > Display &Options for P.I., Alignment, Right of Way...
40578	resource 129 > &Terrain > &Alignment > &New Alignment...
40576	resource 129 > &Terrain > &Alignment > Mul&tiple Alignment Options...
32823	resource 129 > &Terrain > &Alignment > A&utomatic Alignment...
40088	resource 129 > &Terrain > &Alignment > Re&verse Alignment
40092	resource 129 > &Terrain > &Alignment > Delete Small An&gle P.I.
32791	resource 129 > &Terrain > &Alignment > P.I. &Report
32803	resource 129 > &Terrain > &Feature Code Data > &Edit...
32782	resource 129 > &Terrain > &Feature Code Data > &Feature Code for Ground Clearance and Interpolated TIN Points
32805	resource 129 > &Terrain > &Feature Code Data > &Load FEA File...
32804	resource 129 > &Terrain > &Feature Code Data > &Save FEA File...
32806	resource 129 > &Terrain > &Feature Code Data > &Report...
40432	resource 129 > &Terrain > &Break Lines > &Add Break Line...
40433	resource 129 > &Terrain > &Break Lines > &Delete Break Line > &Segment
40464	resource 129 > &Terrain > &Break Lines > &Delete Break Line > S&tring...
40468	resource 129 > &Terrain > &Break Lines > &Delete Break Line > &Rectangle
40458	resource 129 > &Terrain > &Break Lines > &Delete Break Line > &All
40459	resource 129 > &Terrain > &Break Lines > &Show Break Lines
40461	resource 129 > &Terrain > &Break Lines > Import Break Lines from DXF or SHP Attachment...
40457	resource 129 > &Terrain > &Break Lines > Import Break Lines from SiteWorks File...
40462	resource 129 > &Terrain > &Break Lines > &Load BRK File...
40463	resource 129 > &Terrain > &Break Lines > &Save BRK File...
32817	resource 129 > &Terrain > &TIN > Display &Options...
32815	resource 129 > &Terrain > &TIN > &Create TIN...
32816	resource 129 > &Terrain > &TIN > &Delete TIN
32820	resource 129 > &Terrain > &TIN > C&reate Interpolated Points
32821	resource 129 > &Terrain > &TIN > D&elete Interpolated Points
32822	resource 129 > &Terrain > &TIN > &Add point at X,Y
40466	resource 129 > &Terrain > &TIN > Leg and &Guy Extension Report...
40427	resource 129 > &Terrain > &TIN > Clearance to &TIN...
40090	resource 129 > &Terrain > &TIN > TIN &Z Interpolation for Z=0 Survey Points, PIs, Polygonal Constraints or XY Based Structures...
40724	resource 129 > &Terrain > &TIN > TIN Interpolation of Z and H for Non Ground Survey &Points
40778	resource 129 > &Terrain > &TIN > Set S&urvey Point Z=Z+H and H=0...
40487	resource 129 > &Terrain > &TIN > Set Z of PIs, Polygonal Co&nstraints Vertices or XY Based Structures to 0...
40624	resource 129 > &Terrain > &TIN > &Isoclearance Lines > &Create Clearance TIN...
40627	resource 129 > &Terrain > &TIN > &Isoclearance Lines > Clearance TIN Display &Options...
40626	resource 129 > &Terrain > &TIN > &Isoclearance Lines > &Sheet plan view station and offset grid...
32893	resource 129 > &Terrain > &TIN > &Veg. Violation... > &Load Veg. Violation TIN File...
32894	resource 129 > &Terrain > &TIN > &Veg. Violation... > &Save Veg. Violation TIN File...
2814	resource 129 > &Terrain > &TIN > Import From Land&XML file...
40779	resource 129 > &Terrain > &TIN > &Export vertices to ASCII file...
32819	resource 129 > &Terrain > &TIN > &Load TIN File...
32818	resource 129 > &Terrain > &TIN > &Save TIN File...
32846	resource 129 > &Criteria > &Notes...
40623	resource 129 > &Criteria > Code Specific Wind and Terrain Parameters > &NESC 2002-2017 (United States)...
40590	resource 129 > &Criteria > Code Specific Wind and Terrain Parameters > &ASCE 74 (United States)...
40592	resource 129 > &Criteria > Code Specific Wind and Terrain Parameters > &EN 50341-1:2001 and EN 50341-1:2012 CENELEC...
41018	resource 129 > &Criteria > Code Specific Wind and Terrain Parameters > &EN 50341-3-2:2001 and EN 50341-2-2:2019 Belgium NNA...
40594	resource 129 > &Criteria > Code Specific Wind and Terrain Parameters > EN 50341-3-9:2001 and EN50341-2-9:2015/2017 &UK NNA...
41068	resource 129 > &Criteria > Code Specific Wind and Terrain Parameters > EN 50341-2-4:2016 &German NNA...
40620	resource 129 > &Criteria > Code Specific Wind and Terrain Parameters > EN 50341-2-17 &Portugal NNA...
41060	resource 129 > &Criteria > Code Specific Wind and Terrain Parameters > EN 50341-2-22:2016 &Poland NNA...
40633	resource 129 > &Criteria > Code Specific Wind and Terrain Parameters > Statnett Norway...
40635	resource 129 > &Criteria > Code Specific Wind and Terrain Parameters > Russia 7th Edition...
40952	resource 129 > &Criteria > Code Specific Wind and Terrain Parameters > REE RD 223/2008 Spain...
40911	resource 129 > &Criteria > Code Specific Wind and Terrain Parameters > AS/NZS 7000:2010...
40628	resource 129 > &Criteria > Code Specific Wind and Terrain Parameters > ESAA &C(b) 1-2003 Australia...
40617	resource 129 > &Criteria > Code Specific Wind and Terrain Parameters > &TPNZ Transpower New Zealand......
40595	resource 129 > &Criteria > Code Specific Wind and Terrain Parameters > &IEC 60826...
40977	resource 129 > &Criteria > Code Specific Wind and Terrain Parameters > CAN/CSA-C22.3 No. 60826-10 (Canada)...
40976	resource 129 > &Criteria > Code Specific Wind and Terrain Parameters > IS 802 (India)...
41003	resource 129 > &Criteria > Code Specific Wind and Terrain Parameters > ISEC-NCR-83 (Israel)...
40591	resource 129 > &Criteria > Code Specific Wind and Terrain Parameters > &SAPS Wind (also RTE France)...
40632	resource 129 > &Criteria > Code Specific Wind and Terrain Parameters > Span Specific Wind && Ice Adjustments
40974	resource 129 > &Criteria > Code Specific Wind and Terrain Parameters > Structure &Loading Options
32847	resource 129 > &Criteria > &Weather...
32848	resource 129 > &Criteria > &Creep-Stretch...
32849	resource 129 > &Criteria > &Bimetallic Conductor Model...
32850	resource 129 > &Criteria > Cable &Tensions...
32851	resource 129 > &Criteria > Automatic &Sagging...
32858	resource 129 > &Criteria > &Maximum Tension...
32859	resource 129 > &Criteria > W&eight Span Model...
32860	resource 129 > &Criteria > Weig&ht Spans (method 1)...
32861	resource 129 > &Criteria > &Interaction Diagram (method 2)...
32854	resource 129 > &Criteria > Structure &Loads (methods 3,4)...
32862	resource 129 > &Criteria > Survey Point Clearance and Danger Tree Locator...
32852	resource 129 > &Criteria > &Phase Clearances...
32853	resource 129 > &Criteria > &Galloping...
32864	resource 129 > &Criteria > &Insulator Swing  && Uplift...
41117	resource 129 > &Criteria > Str&ucture Clearances
32865	resource 129 > &Criteria > Wi&nd && Weight Span Report...
40556	resource 129 > &Criteria > Blowout and &Departure Angle Report...
40574	resource 129 > &Criteria > Default Wire Temperature and Condition, Section Sort Order...
40544	resource 129 > &Criteria > SAPS &Finite Element Sag-Tension...
32855	resource 129 > &Criteria > L&oad CRI File...
32856	resource 129 > &Criteria > Sa&ve CRI File...
32866	resource 129 > &Criteria > &Report...
40116	resource 129 > &Structures > &Add > Along &Alignment
40117	resource 129 > &Structures > &Add > &XY Structure > &Freehand
40118	resource 129 > &Structures > &Add > &XY Structure > Along &Line...
40128	resource 129 > &Structures > &Add > &XY Structure > At Survey &Point
40062	resource 129 > &Structures > &Modify
40061	resource 129 > &Structures > M&ove > &Freehand
40021	resource 129 > &Structures > M&ove > On &Snap...
40119	resource 129 > &Structures > M&ove > XY Structure Along &Line...
40063	resource 129 > &Structures > &Remove
40080	resource 129 > &Structures > Remove Ran&ge...
40034	resource 129 > &Structures > Ro&tate > &Freehand
40129	resource 129 > &Structures > Ro&tate > &Bisect Points
40412	resource 129 > &Structures > Sta&king Table...
41087	resource 129 > &Structures > &Jumpers > &Add
41088	resource 129 > &Structures > &Jumpers > &Delete
41089	resource 129 > &Structures > &Jumpers > &Edit
41090	resource 129 > &Structures > &Jumpers > &Move
41092	resource 129 > &Structures > &Jumpers > &Copy/Paste
41091	resource 129 > &Structures > &Jumpers > Graphical &Sag
40067	resource 129 > &Structures > Cop&y
40068	resource 129 > &Structures > &Paste
40022	resource 129 > &Structures > &Check
40023	resource 129 > &Structures > Loa&ds > &Report
40611	resource 129 > &Structures > Loa&ds > Report &Options...
40024	resource 129 > &Structures > Loa&ds > Write L&CA File...
40025	resource 129 > &Structures > Loa&ds > Write L&IC File...
40545	resource 129 > &Structures > Loa&ds > &Toggle graphical display of deformed geometry for method 4 structure checks
40094	resource 129 > &Structures > Automat&ic Spotting > Spot At &Feature Codes...
40095	resource 129 > &Structures > Automat&ic Spotting > &Snap Station and Height to Feature Code...
40107	resource 129 > &Structures > Automat&ic Spotting > An&gle Structures...
40065	resource 129 > &Structures > Automat&ic Spotting > &N Paste
32795	resource 129 > &Structures > Automat&ic Spotting > Spotting Constraints > &Edit (table based)...
40499	resource 129 > &Structures > Automat&ic Spotting > Spotting Constraints > &Add (graphical) > Station Range &Prohibited Zone
40500	resource 129 > &Structures > Automat&ic Spotting > Spotting Constraints > &Add (graphical) > Station Range &Extra-Cost Zone
40915	resource 129 > &Structures > Automat&ic Spotting > Spotting Constraints > &Add (graphical) > Polygonal Pro&hibited Zones...
40916	resource 129 > &Structures > Automat&ic Spotting > Spotting Constraints > &Add (graphical) > Polygonal E&xtra-Cost Zones...
40926	resource 129 > &Structures > Automat&ic Spotting > Spotting Constraints > &Add (graphical) > &Convert Station Range Zones...
40502	resource 129 > &Structures > Automat&ic Spotting > Spotting Constraints > &Add (graphical) > Required &Structure
40501	resource 129 > &Structures > Automat&ic Spotting > Spotting Constraints > &Add (graphical) > &Required Structure Position
40503	resource 129 > &Structures > Automat&ic Spotting > Spotting Constraints > &Delete (graphical)
40918	resource 129 > &Structures > Automat&ic Spotting > Spotting Constraints > Add &Prohibited Zones based on TIN slopes...
40920	resource 129 > &Structures > Automat&ic Spotting > Spotting Constraints > Add E&xtra-Cost Zones based on TIN slopes...
32797	resource 129 > &Structures > Automat&ic Spotting > Spotting Constraints > &Clear All...
32786	resource 129 > &Structures > Automat&ic Spotting > Spotting Constraints > &Display...
32798	resource 129 > &Structures > Automat&ic Spotting > Spotting Constraints > &Load CON file...
32799	resource 129 > &Structures > Automat&ic Spotting > Spotting Constraints > &Save CON file...
32796	resource 129 > &Structures > Automat&ic Spotting > Spotting Constraints > &Report...
40954	resource 129 > &Structures > Automat&ic Spotting > &Optimum Spotting > &Select Station Range...
40955	resource 129 > &Structures > Automat&ic Spotting > &Optimum Spotting > Use &Last Station Range...
40957	resource 129 > &Structures > Automat&ic Spotting > &Optimum Spotting > Use Station Range of Longest Alignment of &Project...
40602	resource 129 > &Structures > Automat&ic Spotting > &Automatic Pole Selector...
41086	resource 129 > &Structures > Automat&ic Spotting > Optimum &Body and Leg Extension Selection...
40026	resource 129 > &Structures > Available &Structure List > &Add or Delete Structure...
40027	resource 129 > &Structures > Available &Structure List > &Edit...
40028	resource 129 > &Structures > Available &Structure List > &Column Setup...
40614	resource 129 > &Structures > Available &Structure List > &Batch Modify...
40619	resource 129 > &Structures > Available &Structure List > Batch &Model Check
40563	resource 129 > &Structures > Available &Structure List > &Update Structure File Version
40959	resource 129 > &Structures > Available &Structure List > Batch Modify of Single Side Wind && Weight Span Limits
40029	resource 129 > &Structures > Available &Structure List > &Report...
40030	resource 129 > &Structures > Available &Structure List > &Load STR File...
40031	resource 129 > &Structures > Available &Structure List > &Save STR File...
40033	resource 129 > &Structures > Materia&l > Parts and Assemblies File > &Setup...
33495	resource 129 > &Structures > Materia&l > Parts and Assemblies File > Edit &Parts...
33496	resource 129 > &Structures > Materia&l > Parts and Assemblies File > Edit &Assemblies...
40806	resource 129 > &Structures > Materia&l > Parts and Assemblies File > &Replace Item in all Assemblies...
40825	resource 129 > &Structures > Materia&l > Parts and Assemblies File > Add or Dismiss Undefined Stock Numbers...
40823	resource 129 > &Structures > Materia&l > Parts and Assemblies File > Sa&ve As...
40804	resource 129 > &Structures > Materia&l > Parts and Assemblies File > Report Parts and Assemblies
40805	resource 129 > &Structures > Materia&l > Parts and Assemblies File > Report Assemblies Containing a Part...
40809	resource 129 > &Structures > Materia&l > Parts and Assemblies File > Report Assemblies Containing an Assembly...
1520	resource 129 > &Structures > Materia&l > Parts and Assemblies File > &Configure Parts Database...
1519	resource 129 > &Structures > Materia&l > Parts and Assemblies File > Download Parts List from Database...
32480	resource 129 > &Structures > Materia&l > Parts and Assemblies File > &Upload Assemblies to Database...
32481	resource 129 > &Structures > Materia&l > Parts and Assemblies File > Download Assemblies from Database...
38004	resource 129 > &Structures > Materia&l > Parts and Assemblies File > &Merge-in Another Parts and Assemblies File...
41118	resource 129 > &Structures > Materia&l > Parts and Assemblies File > Material Diff...
40814	resource 129 > &Structures > Materia&l > &Line Specific Material List...
40817	resource 129 > &Structures > Materia&l > &Global Change Item Status...
40822	resource 129 > &Structures > Materia&l > &Specific Change Item Status...
40818	resource 129 > &Structures > Materia&l > Global &Dismiss Items with Status...
40820	resource 129 > &Structures > Materia&l > Global As-&Built...
40106	resource 129 > &Structures > Create &New Structure...
40032	resource 129 > &Structures > &Edit Structure...
40515	resource 129 > &Structures > C&ustomize Structure > Move &Attachment Point > &Snap to Survey Point
40516	resource 129 > &Structures > C&ustomize Structure > Move &Attachment Point > &Freehand
40727	resource 129 > &Structures > C&ustomize Structure > Move &Attachment Point > Snap to Surveyed Attachment Points (&multiple structures)
40517	resource 129 > &Structures > C&ustomize Structure > Move &Guy Anchor > &Snap to Survey Point
40518	resource 129 > &Structures > C&ustomize Structure > Move &Guy Anchor > &Freehand
40519	resource 129 > &Structures > C&ustomize Structure > Move &Guy Anchor > &Inline with Wire
40717	resource 129 > &Structures > C&ustomize Structure > Move &Guy Anchor > Inline with &Alignment
40520	resource 129 > &Structures > C&ustomize Structure > Move &Guy Anchor > &Bisect Line Angle
40711	resource 129 > &Structures > C&ustomize Structure > Move &Guy Anchor > Slope Intersect with &TIN > &Single Guy
40713	resource 129 > &Structures > C&ustomize Structure > Move &Guy Anchor > Slope Intersect with &TIN > &All Guys for Range of Structures
40710	resource 129 > &Structures > C&ustomize Structure > Move &Pole > &Snap to Survey Point
40709	resource 129 > &Structures > C&ustomize Structure > Move &Pole > &Freehand
40912	resource 129 > &Structures > C&ustomize Structure > Move &Pole > &Lean to fit Survey Point
40701	resource 129 > &Structures > C&ustomize Structure > Move A&rm > &Perpendicular to Wire
40718	resource 129 > &Structures > C&ustomize Structure > Move A&rm > &Perpendicular to Alignment
40523	resource 129 > &Structures > C&ustomize Structure > &Insulators > &Change Insulator
40531	resource 129 > &Structures > C&ustomize Structure > &Insulators > &Move Guy Strain Insulator
40130	resource 129 > &Structures > C&ustomize Structure > &Framing > &Rotate Freehand
40513	resource 129 > &Structures > C&ustomize Structure > &Make Site Specific Copy
40514	resource 129 > &Structures > C&ustomize Structure > &Make Site Specific Copies
40561	resource 129 > &Structures > C&ustomize Structure > &Enable Automatic Check After Customize
40528	resource 129 > &Structures > C&ustomize Structure > &Report
40529	resource 129 > &Structures > Snap Base or Legs to &TIN
40554	resource 129 > &Structures > E&qualize Tension...
40044	resource 129 > Sectio&ns > &Add...
40991	resource 129 > Sectio&ns > &Add Graphical...
40047	resource 129 > Sectio&ns > &Modify
40045	resource 129 > Sectio&ns > &Remove...
40743	resource 129 > Sectio&ns > S&wap Attachments
40046	resource 129 > Sectio&ns > &Copy
40421	resource 129 > Sectio&ns > &Graphical Sag...
41056	resource 129 > Sectio&ns > &Ruling Span Calculator...
40455	resource 129 > Sectio&ns > Sag S&pan To Known Sag...
40773	resource 129 > Sectio&ns > Display Graphical Sag &Fit Points
5014	resource 129 > Sectio&ns > Slip and Clip...
40606	resource 129 > Sectio&ns > &Table...
40112	resource 129 > Sectio&ns > &Display Options...
40547	resource 129 > Sectio&ns > SA&PS Label Options...
40536	resource 129 > Sectio&ns > A&utomatic Stringing...
40039	resource 129 > Sectio&ns > &Sag-Tension...
40038	resource 129 > Sectio&ns > Chec&k...
40663	resource 129 > Sectio&ns > C&learances > To &Ground > &Centerline
40664	resource 129 > Sectio&ns > C&learances > To &Ground > TIN &Vertical
40665	resource 129 > Sectio&ns > C&learances > To &Ground > TIN &Minimum Distance
32890	resource 129 > Sectio&ns > C&learances > To &Structure...
40040	resource 129 > Sectio&ns > C&learances > &Between Sections...
40041	resource 129 > Sectio&ns > C&learances > Galloping &Ellipses...
40042	resource 129 > Sectio&ns > Stri&nging Chart > &Single Section...
40043	resource 129 > Sectio&ns > Stri&nging Chart > &Multiple Sections...
40114	resource 129 > Sectio&ns > &Offset Clipping Report... > &Winkelman...
40666	resource 129 > Sectio&ns > Cable &Files > &Create New Cable File...
40048	resource 129 > Sectio&ns > Cable &Files > &Edit Existing Cable File...
40668	resource 129 > Sectio&ns > Cable &Files > Create &Bundled Cable File...
41005	resource 129 > Sectio&ns > Cable &Files > &Generate Cable Data Report...
40674	resource 129 > Sectio&ns > Concentrated &Loads > Create &New Concentrated Load File...
40560	resource 129 > Sectio&ns > Concentrated &Loads > Edit Concentrated &Load File...
40944	resource 129 > Sectio&ns > Concentrated &Loads > Concentrated Loads Automatic &Placement...
40104	resource 129 > Sectio&ns > Concentrated &Loads > &Add Concentrated Load...
40078	resource 129 > Sectio&ns > Concentrated &Loads > &Move Concentrated Load...
40085	resource 129 > Sectio&ns > Concentrated &Loads > &Copy Concentrated Load...
40096	resource 129 > Sectio&ns > Concentrated &Loads > &Delete Concentrated Load...
774	resource 129 > Sectio&ns > &Electric > &Define Circuits and Phases > &Labels...
776	resource 129 > Sectio&ns > &Electric > &Define Circuits and Phases > &Table...
777	resource 129 > Sectio&ns > &Electric > &Define Circuits and Phases > &Graphical
778	resource 129 > Sectio&ns > &Electric > Edit Circuit Connection
779	resource 129 > Sectio&ns > &Electric > Remove Circuit Connection
814	resource 129 > Sectio&ns > &Electric > Set Circuit Label
40607	resource 129 > Sectio&ns > &Electric > Configure Sections by Circuit
40584	resource 129 > Sectio&ns > &Electric > 2D EMF Calculator...
40603	resource 129 > Sectio&ns > &Electric > 3D &EMF Calculator...
40604	resource 129 > Sectio&ns > &Electric > 3D EMF &Along Line...
40608	resource 129 > Sectio&ns > &Electric > Structure Space Potential Calculator...
40583	resource 129 > Sectio&ns > &Electric > Simple Line Constants Calculator...
40599	resource 129 > Sectio&ns > &Electric > Full Line &Constants Calculator...
40598	resource 129 > Sectio&ns > &Electric > &Lightning Protection Calculator...
40454	resource 129 > Sectio&ns > T&hermal Calculations (IEEE, CIGRE and TNSP) > &Steady-State Temperature versus Current Graph...
40446	resource 129 > Sectio&ns > T&hermal Calculations (IEEE, CIGRE and TNSP) > Steady-State Conductor &Temperature...
40447	resource 129 > Sectio&ns > T&hermal Calculations (IEEE, CIGRE and TNSP) > Steady-State Thermal &Rating...
40448	resource 129 > Sectio&ns > T&hermal Calculations (IEEE, CIGRE and TNSP) > &Conductor Temperature for Current Change...
40449	resource 129 > Sectio&ns > T&hermal Calculations (IEEE, CIGRE and TNSP) > Transient Thermal or &Fault Rating...
40892	resource 129 > Sectio&ns > T&hermal Calculations (IEEE, CIGRE and TNSP) > &Batch Thermal Calculator...
41106	resource 129 > Sectio&ns > T&hermal Calculations (IEEE, CIGRE and TNSP) > &Elevated Temperature Creep...
40014	resource 129 > &Lines > &Reports > Structure &Usage...
40015	resource 129 > &Lines > &Reports > S&ection Usage...
40016	resource 129 > &Lines > &Reports > Survey &Point Clearances...
40427	resource 129 > &Lines > &Reports > Clearance to &TIN...
730	resource 129 > &Lines > &Reports > Danger Tree Locator...
40530	resource 129 > &Lines > &Reports > St&ructure Clearances...
40535	resource 129 > &Lines > &Reports > Wire C&learances...
40018	resource 129 > &Lines > &Reports > Structure && Section Usage + Survey Point Clearances...
40019	resource 129 > &Lines > &Reports > &Summary...
40020	resource 129 > &Lines > &Reports > &Wind && Weight Span Report...
40557	resource 129 > &Lines > &Reports > Blowout and &Departure Angle Report...
40402	resource 129 > &Lines > &Reports > Structure Loads Report...
40403	resource 129 > &Lines > &Reports > Sectio&n Sag-Tension Report...
40412	resource 129 > &Lines > &Reports > Sta&king Table...
40413	resource 129 > &Lines > &Reports > Bill of Material by Structure Location...
40037	resource 129 > &Lines > &Reports > Bill of Material...
40821	resource 129 > &Lines > &Reports > Bill of Material Delta...
40577	resource 129 > &Lines > &Reports > &Construction Staking Report...
40692	resource 129 > &Lines > &Reports > Structure Longitude, L&atitude, and Height Report...
40475	resource 129 > &Lines > &Reports > T&hermal Rating Report...
41115	resource 129 > &Lines > &Reports > Structure Wind Rat&ing Report...
633	resource 129 > &Lines > &General Data...
40008	resource 129 > &Lines > &Edit...
40009	resource 129 > &Lines > &Merge...
40010	resource 129 > &Lines > &Clear All...
40011	resource 129 > &Lines > &New
2204	resource 129 > &Lines > &Project Estimator...
40012	resource 129 > &Lines > &Load DON File or Merge Projects...
40013	resource 129 > &Lines > &Save DON File...
38359	resource 129 > &Lines > Re&ference Manager
40050	resource 129 > &Drafting > &Plan && Profile Sheet Configuration > &Scales...
40051	resource 129 > &Drafting > &Plan && Profile Sheet Configuration > &Page Size...
40052	resource 129 > &Drafting > &Plan && Profile Sheet Configuration > Page La&yout...
40054	resource 129 > &Drafting > &Plan && Profile Sheet Configuration > Pa&ges and Station Range...
40576	resource 129 > &Drafting > &Plan && Profile Sheet Configuration > &Multiple Alignment Options...
40076	resource 129 > &Drafting > &Plan && Profile Sheet Configuration > &Repage
40652	resource 129 > &Drafting > &Plan && Profile Sheet Configuration > Page Re&ctangle Report
32832	resource 129 > &Drafting > &Structure and Section Labeling > Structure &Numbers...
32828	resource 129 > &Drafting > &Structure and Section Labeling > Pro&file View...
32827	resource 129 > &Drafting > &Structure and Section Labeling > P&lan View...
32829	resource 129 > &Drafting > &Structure and Section Labeling > &Sheet Profile View...
32892	resource 129 > &Drafting > &Structure and Section Labeling > Sheet &Plan View...
40506	resource 129 > &Drafting > T&ext Position, Orientation and Background...
38175	resource 129 > &Drafting > Te&xt Size, Line Width, Style, Color and Layer...
237	resource 129 > &Drafting > Line Width &Multiplier...
33441	resource 129 > &Drafting > Profile View Aspect &Ratio...
240	resource 129 > &Drafting > &Black && White
264	resource 129 > &Drafting > Show Structure Compass
32837	resource 129 > &Drafting > Show &Cable Attachment Points
40996	resource 129 > &Drafting > Show Stringing Direction
40618	resource 129 > &Drafting > Show Set and Phase Labels in 3D Views
40621	resource 129 > &Drafting > Show Circuit and Phase Labels in 3D Views
40401	resource 129 > &Drafting > Show Structure and Section Check &Bitmaps
40983	resource 129 > &Drafting > Show &Embedded Portions of Structures
40827	resource 129 > &Drafting > Show Insulator Counter &Weights
40093	resource 129 > &Drafting > Show P&&P Sheet &Rectangles
32831	resource 129 > &Drafting > L&oad PPS (View Settings File)...
32830	resource 129 > &Drafting > Sa&ve PPS (View Settings File)...
35904	resource 129 > &Drafting > &Attachments (Raster and Vector) > &Attachment Manager...
35954	resource 129 > &Drafting > &Attachments (Raster and Vector) > Ima&ge Info
35950	resource 129 > &Drafting > &Attachments (Raster and Vector) > C&rop Image...
40126	resource 129 > &Drafting > &Attachments (Raster and Vector) > &Image Drawing Options...
40777	resource 129 > &Drafting > &Attachments (Raster and Vector) > &Find Text...
35905	resource 129 > &Drafting > &Attachments (Raster and Vector) > &Move...
35906	resource 129 > &Drafting > &Attachments (Raster and Vector) > &Stretch...
40418	resource 129 > &Drafting > &Attachments (Raster and Vector) > &Calibrate Profile Sheet...
40419	resource 129 > &Drafting > &Attachments (Raster and Vector) > Calibrate &Plan Sheet...
40943	resource 129 > &Drafting > &Attachments (Raster and Vector) > Associate Structure P&hotos...
40522	resource 129 > &Drafting > &Attachments (Raster and Vector) > M&erge in Attachments From Another Project...
40980	resource 129 > &Drafting > &Attachments (Raster and Vector) > &LiDAR Video Setup > ACA
40715	resource 129 > &Drafting > &Attachments (Raster and Vector) > &LiDAR Video Setup > Aerotec...
40484	resource 129 > &Drafting > &Attachments (Raster and Vector) > &LiDAR Video Setup > FLI-MAP...
40760	resource 129 > &Drafting > &Attachments (Raster and Vector) > &LiDAR Video Setup > GeoDigital...
40637	resource 129 > &Drafting > &Attachments (Raster and Vector) > &LiDAR Video Setup > Network Mapping...
41036	resource 129 > &Drafting > &Attachments (Raster and Vector) > &LiDAR Video Setup > Opten...
40924	resource 129 > &Drafting > &Attachments (Raster and Vector) > &LiDAR Video Setup > Remote GeoSystems LineVision...
40587	resource 129 > &Drafting > &Attachments (Raster and Vector) > &LiDAR Video Setup > Terra Remote Sensing...
40795	resource 129 > &Drafting > &Attachments (Raster and Vector) > &LiDAR Video Setup > URMC...
40732	resource 129 > &Drafting > &Attachments (Raster and Vector) > &LiDAR Video Setup > W.I.R.E. Services...
40741	resource 129 > &Drafting > &Attachments (Raster and Vector) > &LiDAR Video Setup > XP-RS...
40925	resource 129 > &Drafting > &Attachments (Raster and Vector) > &LiDAR Video Setup > Clear Player and Video Name
40331	resource 129 > &Drafting > &Attachments (Raster and Vector) > &WMS
40055	resource 129 > &Drafting > Structure &Text Position > &Move...
40056	resource 129 > &Drafting > Structure &Text Position > &Reset...
40057	resource 129 > &Drafting > Structure &Text Position > Reset &All...
38045	resource 129 > &Drafting > &Lines and Annotation > &Add > &Line...
38046	resource 129 > &Drafting > &Lines and Annotation > &Add > &Arrow To...
38047	resource 129 > &Drafting > &Lines and Annotation > &Add > Arrow &From...
38048	resource 129 > &Drafting > &Lines and Annotation > &Add > &Polygon...
38178	resource 129 > &Drafting > &Lines and Annotation > &Add > &Arc..
38177	resource 129 > &Drafting > &Lines and Annotation > &Add > &Ellipse/Circle...
38179	resource 129 > &Drafting > &Lines and Annotation > &Add > &Dimension Angle...
38049	resource 129 > &Drafting > &Lines and Annotation > &Add > &Dimension...
38050	resource 129 > &Drafting > &Lines and Annotation > &Add > &Text...
38041	resource 129 > &Drafting > &Lines and Annotation > &Edit...
38043	resource 129 > &Drafting > &Lines and Annotation > &Delete...
38042	resource 129 > &Drafting > &Lines and Annotation > Move &Point or Text...
38063	resource 129 > &Drafting > &Lines and Annotation > Move &Line or Polygon...
38064	resource 129 > &Drafting > &Lines and Annotation > Rotate Line or &Polygon...
38053	resource 129 > &Drafting > &Lines and Annotation > R&otate Text...
40442	resource 129 > &Drafting > &Lines and Annotation > &Snap Mode
40443	resource 129 > &Drafting > &Lines and Annotation > Dynamic &Redraw
38040	resource 129 > &Drafting > &Lines and Annotation > &Table Edit...
40521	resource 129 > &Drafting > &Lines and Annotation > &Merge in Annotation from another project...
40691	resource 129 > &Drafting > &Inset Views > &Add > Sheet &Index Map...
40695	resource 129 > &Drafting > &Inset Views > &Add > Inset &Plan Detail...
821	resource 129 > &Drafting > &Inset Views > &Add > Inset Phasing &Diagram...
38215	resource 129 > &Drafting > &Inset Views > &Add > Inset &Structure View...
40696	resource 129 > &Drafting > &Inset Views > &Add > Empty Inset &View...
38186	resource 129 > &Drafting > &Inset Views > &Build Inset Report View...
38103	resource 129 > &Drafting > &Inset Views > &Delete Inset View
38087	resource 129 > &Drafting > &Inset Views > &Resize Inset View
38086	resource 129 > &Drafting > &Inset Views > &Move Inset View
38090	resource 129 > &Drafting > &Inset Views > Bring to &Front
38091	resource 129 > &Drafting > &Inset Views > Send to &Back
38129	resource 129 > &Drafting > &Inset Views > A&utoscale Inset View
38159	resource 129 > &Drafting > &Inset Views > S&plit Inset Report View
38332	resource 129 > &Drafting > &Inset Views > Pan, R&otate, or Zoom Inset View
38038	resource 129 > &Drafting > &Inset Views > &Table Edit > Inset &Annotations...
41011	resource 129 > &Drafting > &Inset Views > &Table Edit > Inset &Plan Views...
38089	resource 129 > &Drafting > &Inset Views > &Table Edit > Inset &Structure Views...
38088	resource 129 > &Drafting > &Inset Views > &Table Edit > Inset &Report Views...
32841	resource 129 > &Window > &New Window > &Plan View
32842	resource 129 > &Window > &New Window > Profile &View
32843	resource 129 > &Window > &New Window > &3D View
40075	resource 129 > &Window > &New Window > &Sheets View
33350	resource 129 > &Window > &New Window > &Report View
33444	resource 129 > &Window > &New Window > Structure Vie&w
57650	resource 129 > &Window > &Cascade
57651	resource 129 > &Window > &Tile Horizontal
57652	resource 129 > &Window > Tile &Vertical
57649	resource 129 > &Window > &Arrange Icons
33352	resource 129 > &Window > C&lose All
32884	resource 129 > &Help > &Help Topics
35926	resource 129 > &Help > &View Manual
35927	resource 129 > &Help > &Check for Updated Manual...
35940	resource 129 > &Help > &Select Manual...
35938	resource 129 > &Help > &Download Upgrade...
33481	resource 129 > &Help > Download &Examples...
35932	resource 129 > &Help > D&ownload Alternate Language...
190	resource 129 > &Help > T&ip of the Day...
35930	resource 129 > &Help > Visit the PLS &News Page
35929	resource 129 > &Help > Visit the PLS &Technical Notes Page
35936	resource 129 > &Help > Visit the PLS Online &Library
38387	resource 129 > &Help > &Register for Training Classes...
57664	resource 129 > &Help > &About...
33354	resource 136 > &File > &Close...
33354	resource 137 > &File > &Close...
33354	resource 139 > &File > &Close...
33354	resource 143 > &File > &Close...
33354	resource 278 > &File > &Close...
33400	resource 505 > &Popup > Cu&t Shift-Del
33401	resource 505 > &Popup > &Copy Ctrl-Ins
33402	resource 505 > &Popup > &Paste Shift-Ins
33407	resource 505 > &Popup > &Fill
33406	resource 505 > &Popup > Pattern Fill &Down
38079	resource 505 > &Popup > Copy && Fill Column
33467	resource 505 > &Popup > &Append
33408	resource 505 > &Popup > C&lear Del
33474	resource 505 > &Popup > Find Ctrl-F
33475	resource 505 > &Popup > Find &Next F3
33404	resource 505 > &Popup > &Remove Row
33405	resource 505 > &Popup > &Insert Row
38061	resource 505 > &Popup > &Goto Last Row With Data
33489	resource 505 > &Popup > Copy with Column and Row &Headings
33409	resource 505 > &Popup > T&able Report
33445	resource 505 > &Popup > Database &Export
33353	resource 532 > &Popup > &Open...
33354	resource 532 > &Popup > &Close...
33355	resource 532 > &Popup > &Save...
33356	resource 532 > &Popup > Save &As...
38367	resource 532 > &Popup > Save To... > Re&ference Manager...
35990	resource 532 > &Popup > Save To... > &Google Drive...
35987	resource 532 > &Popup > Save as PDF... > To File...
35988	resource 532 > &Popup > Save as PDF... > To Reference Manager...
35989	resource 532 > &Popup > Save as PDF... > To Google Drive...
33357	resource 532 > &Popup > Appen&d To...
38019	resource 532 > &Popup > &Name Report...
57607	resource 532 > &Popup > &Print...
57609	resource 532 > &Popup > P&rint Preview...
33358	resource 532 > &Popup > Save Se&lection As...
33359	resource 532 > &Popup > Append Selection &To...
57696	resource 532 > &Popup > &Font...
33411	resource 532 > &Popup > Autosize Font
57607	resource 538 > &Popup > &Print...
57696	resource 538 > &Popup > &Font...
33411	resource 538 > &Popup > Autosize Font
59392	resource 564 > blank > Standard &Toolbar
40525	resource 565 > &File > &New > &PLS-CADD
40526	resource 565 > &File > &New > PLS-CADD/&Lite
41051	resource 565 > &File > &New > PLS-CADD/Ultralite
57601	resource 565 > &File > &Open
33440	resource 565 > &File > &Close
40003	resource 565 > &File > &Save Ctrl+S
40004	resource 565 > &File > Save &As...
218	resource 565 > &File > Export > &DXF...
40693	resource 565 > &File > Export > &KMZ (Google Earth) ...
32835	resource 565 > &File > PLS-&Grid > &Open Grid View
40005	resource 565 > &File > PLS-&Grid > &Project Report
40035	resource 565 > &File > PLS-&Grid > &Batch Index Projects...
41119	resource 565 > &File > PLS-&Grid > &Export To Grid...
41120	resource 565 > &File > PLS-&Grid > &Display Options...
38410	resource 565 > &File > PLS-&Grid > &Select in Grid View
57605	resource 565 > &File > Page Se&tup (Reports)...
57606	resource 565 > &File > P&rint Setup (Graphics)...
57607	resource 565 > &File > &Print... Ctrl+P
57609	resource 565 > &File > Print Pre&view
33347	resource 565 > &File > &Backup...
33348	resource 565 > &File > Restore Back&up...
33349	resource 565 > &File > Pre&ferences...
57616	resource 565 > &File > Recent File
57665	resource 565 > &File > E&xit
57643	resource 565 > &Edit > &Undo Ctrl+Z
57644	resource 565 > &Edit > &Redo Ctrl+Y
57635	resource 565 > &Edit > Cu&t Ctrl+X
57634	resource 565 > &Edit > &Copy Ctrl+C
57637	resource 565 > &Edit > &Paste Ctrl+V
57642	resource 565 > &Edit > Select &All Ctrl-A
57696	resource 565 > &Edit > Fo&nt...
33411	resource 565 > &Edit > Auto&size Font...
57636	resource 565 > &Edit > &Find... Ctrl-F
57641	resource 565 > &Edit > R&eplace... Ctrl-R
33415	resource 565 > &Edit > &Goto Line...
38002	resource 565 > &Edit > Next Result Ctrl-+
38003	resource 565 > &Edit > Previous Result Ctrl--
215	resource 565 > &View > &Zoom Rect
216	resource 565 > &View > I&nverse Zoom Rect
212	resource 565 > &View > &Initial F3
225	resource 565 > &View > &Previous Shift+Backspace
217	resource 565 > &View > &Redraw F4
220	resource 565 > &View > Di&stance Between Points F7
226	resource 565 > &View > Digital Ink F2
33447	resource 565 > &View > &Scales, Rotations, Panning... > Pan Up Up
33448	resource 565 > &View > &Scales, Rotations, Panning... > Pan Down Down
33449	resource 565 > &View > &Scales, Rotations, Panning... > Pan Left Left
33450	resource 565 > &View > &Scales, Rotations, Panning... > Pan Right Right
204	resource 565 > &View > &Scales, Rotations, Panning... > Latitude &Minus PgDn
205	resource 565 > &View > &Scales, Rotations, Panning... > Latitude &Plus PgUp
209	resource 565 > &View > &Scales, Rotations, Panning... > &Longitude Minus Home
208	resource 565 > &View > &Scales, Rotations, Panning... > L&ongitude Plus End
219	resource 565 > &View > &Scales, Rotations, Panning... > Rotation  &Origin
210	resource 565 > &View > &Scales, Rotations, Panning... > Zoom In +
211	resource 565 > &View > &Scales, Rotations, Panning... > Zoom Out -
221	resource 565 > &View > &Scales, Rotations, Panning... > &Clip...
213	resource 565 > &View > &Scales, Rotations, Panning... > &Set Rotations and Scales...
33441	resource 565 > &View > &Scales, Rotations, Panning... > &Profile View Aspect Ratio...
32836	resource 565 > &View > &Display Options > Clear &Markers
237	resource 565 > &View > &Display Options > Line &Width...
38175	resource 565 > &View > &Display Options > Text size, Line width, Style, Color and &Layer...
240	resource 565 > &View > &Display Options > &Black+White
264	resource 565 > &View > &Display Options > Show Structure Compass
286	resource 565 > &View > &Display Options > Show Scale Indicator
38045	resource 565 > &View > &Lines and Annotation > &Add > &Line...
38046	resource 565 > &View > &Lines and Annotation > &Add > &Arrow To...
38047	resource 565 > &View > &Lines and Annotation > &Add > Arrow &From...
38048	resource 565 > &View > &Lines and Annotation > &Add > &Polygon...
38178	resource 565 > &View > &Lines and Annotation > &Add > &Arc..
38177	resource 565 > &View > &Lines and Annotation > &Add > &Ellipse/Circle...
38179	resource 565 > &View > &Lines and Annotation > &Add > &Dimension Angle...
38049	resource 565 > &View > &Lines and Annotation > &Add > &Dimension...
38050	resource 565 > &View > &Lines and Annotation > &Add > &Text...
38041	resource 565 > &View > &Lines and Annotation > &Edit...
38043	resource 565 > &View > &Lines and Annotation > &Delete...
38042	resource 565 > &View > &Lines and Annotation > Move &Point or Text...
38063	resource 565 > &View > &Lines and Annotation > Move &Line or Polygon...
38064	resource 565 > &View > &Lines and Annotation > Rotate Line or &Polygon...
38053	resource 565 > &View > &Lines and Annotation > R&otate Text...
40442	resource 565 > &View > &Lines and Annotation > &Snap Mode
40443	resource 565 > &View > &Lines and Annotation > Dynamic &Redraw
38040	resource 565 > &View > &Lines and Annotation > &Table Edit...
40521	resource 565 > &View > &Lines and Annotation > &Merge in Annotation from another project...
32836	resource 565 > &View > &Markers > &Clear Markers F5
40686	resource 565 > &View > &Markers > &Load Marker File...
40687	resource 565 > &View > &Markers > &Save Marker FIle...
59392	resource 565 > &View > &Toolbars > Standard &Toolbar
412	resource 565 > &View > &Toolbars > 3D Tool&bar
33451	resource 565 > &View > &Toolbars > A&pplication Toolbar
38075	resource 565 > &View > &Toolbars > &Custom Toolbars > Custom Toolbar 1
38076	resource 565 > &View > &Toolbars > &Custom Toolbars > Custom Toolbar 2
38077	resource 565 > &View > &Toolbars > &Custom Toolbars > Custom Toolbar 3
38078	resource 565 > &View > &Toolbars > &Custom Toolbars > Custom Toolbar 4
273	resource 565 > &View > &Toolbars > &Report Navigator Toolbar
271	resource 565 > &View > &Toolbars > &Quick Search Toolbar
40400	resource 565 > &View > &Toolbars > &Auto Arrange Toolbars
33446	resource 565 > &View > &Toolbars > &Hide All Toolbars
59393	resource 565 > &View > &Toolbars > &Status Bar
33470	resource 565 > &View > &Edit Customizations > &Report Strings...
33480	resource 565 > &View > &Edit Customizations > &Menu Titles, Tips and Hotkeys...
33482	resource 565 > &View > &Edit Customizations > &Dialog Strings...
33483	resource 565 > &View > &Edit Customizations > D&ialog Tips...
33471	resource 565 > &View > &Edit Customizations > &Tables...
33493	resource 565 > &View > &Edit Customizations > &Custom Toolbar...
32846	resource 565 > &Criteria > &Notes...
40623	resource 565 > &Criteria > Code &Specific Wind and Terrain Parameters > &NESC 2002 - 2017 (United States)...
40590	resource 565 > &Criteria > Code &Specific Wind and Terrain Parameters > &ASCE 74 (United States)...
40592	resource 565 > &Criteria > Code &Specific Wind and Terrain Parameters > &EN 50341-1:2001 and EN 50341-1:2012 CENELEC...
41018	resource 565 > &Criteria > Code &Specific Wind and Terrain Parameters > &Belgium NNA...
40594	resource 565 > &Criteria > Code &Specific Wind and Terrain Parameters > EN 50341-3-9:2001 and EN50341-2-9:2015/2017 &UK NNA...
41068	resource 565 > &Criteria > Code &Specific Wind and Terrain Parameters > EN50341-2-4:2016 &German NNA...
40620	resource 565 > &Criteria > Code &Specific Wind and Terrain Parameters > EN 50341-2-17 &Portugal NNA...
41060	resource 565 > &Criteria > Code &Specific Wind and Terrain Parameters > EN50341-2-22:2016 &Poland NNA...
40633	resource 565 > &Criteria > Code &Specific Wind and Terrain Parameters > Statnett Norway...
40635	resource 565 > &Criteria > Code &Specific Wind and Terrain Parameters > Russia 7th Edition...
40952	resource 565 > &Criteria > Code &Specific Wind and Terrain Parameters > REE RD 223/2008 Spain...
40617	resource 565 > &Criteria > Code &Specific Wind and Terrain Parameters > &TPNZ Transpower New Zealand...
40628	resource 565 > &Criteria > Code &Specific Wind and Terrain Parameters > ESAA &C(b) 1-2003 Australia...
40911	resource 565 > &Criteria > Code &Specific Wind and Terrain Parameters > AS/NZS 7000:2010...
40595	resource 565 > &Criteria > Code &Specific Wind and Terrain Parameters > &IEC 60826...
40977	resource 565 > &Criteria > Code &Specific Wind and Terrain Parameters > CAN/CSA-C22.3 No. 60826-10 (Canada)...
40976	resource 565 > &Criteria > Code &Specific Wind and Terrain Parameters > IS 802 (India)...
41003	resource 565 > &Criteria > Code &Specific Wind and Terrain Parameters > ISEC-NCR-83 (Israel)...
40591	resource 565 > &Criteria > Code &Specific Wind and Terrain Parameters > &SAPS Wind (also RTE France)...
40974	resource 565 > &Criteria > Code &Specific Wind and Terrain Parameters > Structure &Loading Options
32847	resource 565 > &Criteria > &Weather...
32848	resource 565 > &Criteria > &Creep-Stretch...
32849	resource 565 > &Criteria > &Bimetallic Conductor Model...
32850	resource 565 > &Criteria > Cable &Tensions...
32851	resource 565 > &Criteria > Automatic &Sagging...
32860	resource 565 > &Criteria > Weig&ht Spans (method 1)...
32861	resource 565 > &Criteria > &Interaction Diagram (method 2)...
32854	resource 565 > &Criteria > Structure &Loads (methods 3,4)...
32864	resource 565 > &Criteria > I&nsulator Swing && Uplift...
32865	resource 565 > &Criteria > Wi&nd/Weight Span Report...
32852	resource 565 > &Criteria > &Phase Clearances...
32853	resource 565 > &Criteria > &Galloping...
32855	resource 565 > &Criteria > L&oad CRI...
32856	resource 565 > &Criteria > Sa&ve CRI...
32866	resource 565 > &Criteria > &Report...
40121	resource 565 > &Line > &Setup
40122	resource 565 > &Line > &Report
633	resource 565 > &Line > &General Data...
40022	resource 565 > &Structures > &Check
40023	resource 565 > &Structures > Loa&ds > &Report
40611	resource 565 > &Structures > Loa&ds > Report &Options...
40024	resource 565 > &Structures > Loa&ds > Write L&CA File...
40025	resource 565 > &Structures > Loa&ds > Write L&IC File...
40020	resource 565 > &Structures > &Wind/Weight Span Report...
40106	resource 565 > &Structures > Create New Structure...
40032	resource 565 > &Structures > &Edit Structure...
40516	resource 565 > &Structures > C&ustomize Structure > Move &Attachment Point > &Freehand
40518	resource 565 > &Structures > C&ustomize Structure > Move &Guy Anchor > &Freehand
40519	resource 565 > &Structures > C&ustomize Structure > Move &Guy Anchor > &Inline with Wire
40717	resource 565 > &Structures > C&ustomize Structure > Move &Guy Anchor > Inline with &Alignment
40520	resource 565 > &Structures > C&ustomize Structure > Move &Guy Anchor > &Bisect Line Angle
40709	resource 565 > &Structures > C&ustomize Structure > Move &Pole > &Freehand
40701	resource 565 > &Structures > C&ustomize Structure > Move A&rm > &Perpendicular to Wire
40718	resource 565 > &Structures > C&ustomize Structure > Move A&rm > &Perpendicular to Alignment
40523	resource 565 > &Structures > C&ustomize Structure > &Insulators > &Change Insulator
40531	resource 565 > &Structures > C&ustomize Structure > &Insulators > &Move Guy Strain Insulator
40513	resource 565 > &Structures > C&ustomize Structure > &Make Site Specific Copy
40561	resource 565 > &Structures > C&ustomize Structure > &Enable Automatic Check After Customize
40528	resource 565 > &Structures > C&ustomize Structure > &Report
40542	resource 565 > &Structures > &Generate Allowable Spans...
40543	resource 565 > &Structures > Generate Allowable Spans &File...
40719	resource 565 > &Structures > Generate &Interaction Diagram...
40720	resource 565 > &Structures > Generate Interaction Di&agram File...
40038	resource 565 > Sectio&ns > &Check...
40039	resource 565 > Sectio&ns > &Sag-Tension...
40663	resource 565 > Sectio&ns > Cable to ground clearance
40040	resource 565 > Sectio&ns > Wire C&learances...
40530	resource 565 > Sectio&ns > St&ructure Clearances...
40041	resource 565 > Sectio&ns > Gall&oping
40042	resource 565 > Sectio&ns > S&tringing Chart > &Single Section...
40043	resource 565 > Sectio&ns > S&tringing Chart > &All Sections...
40666	resource 565 > Sectio&ns > &Create New Cable File...
40048	resource 565 > Sectio&ns > &Edit Existing Cable File...
40668	resource 565 > Sectio&ns > Create &Bundled Cable File...
40454	resource 565 > Sectio&ns > T&hermal Calculations (IEEE, CIGRE and TNSP) > Steady-State Temperature versus Current Graph...
40446	resource 565 > Sectio&ns > T&hermal Calculations (IEEE, CIGRE and TNSP) > Steady-State Conductor Temperature...
40447	resource 565 > Sectio&ns > T&hermal Calculations (IEEE, CIGRE and TNSP) > Steady State Thermal Rating...
40448	resource 565 > Sectio&ns > T&hermal Calculations (IEEE, CIGRE and TNSP) > Conductor Temperature for Current Change...
40449	resource 565 > Sectio&ns > T&hermal Calculations (IEEE, CIGRE and TNSP) > Transient Thermal or Fault Rating...
41106	resource 565 > Sectio&ns > T&hermal Calculations (IEEE, CIGRE and TNSP) > &Elevated Temperature Creep...
32841	resource 565 > &Window > &New Window > &Plan View
32842	resource 565 > &Window > &New Window > Profile &View
32843	resource 565 > &Window > &New Window > &3D View
33350	resource 565 > &Window > &New Window > &Report View
33444	resource 565 > &Window > &New Window > Structure Vie&w
57650	resource 565 > &Window > &Cascade
57651	resource 565 > &Window > &Tile Horizontal
57652	resource 565 > &Window > Tile &Vertical
57649	resource 565 > &Window > &Arrange Icons
33352	resource 565 > &Window > C&lose All
32884	resource 565 > &Help > &Help Topics
35926	resource 565 > &Help > &View Manual
35927	resource 565 > &Help > &Check for Updated Manual...
35940	resource 565 > &Help > &Select Manual...
35938	resource 565 > &Help > &Download Upgrade...
33481	resource 565 > &Help > Download &Examples...
35932	resource 565 > &Help > D&ownload Alternate Language...
190	resource 565 > &Help > T&ip of the Day...
35930	resource 565 > &Help > Visit the PLS &News Page
35929	resource 565 > &Help > Visit the PLS &Technical Notes Page
35936	resource 565 > &Help > Visit the PLS Online &Library
38387	resource 565 > &Help > &Register for Training Classes...
57664	resource 565 > &Help > &About...
40831	resource 870 > Entity Info > Edit Survey Point E
40832	resource 870 > Entity Info > Edit XYZ Point X
40833	resource 870 > Entity Info > Edit PFL Point Y
40834	resource 870 > Entity Info > Delete Survey Point D
40929	resource 870 > Entity Info > Delete or Deactivate Points with Feature Code...
40847	resource 870 > Entity Info > Trace Survey Point (Debug Only) T
40846	resource 870 > Entity Info > Wire Clearance To Survey Point W
40683	resource 870 > Entity Info > Edit attributes for selected entity Feature Code F
40684	resource 870 > Entity Info > Hide display of selected Feature Code H
40852	resource 870 > Entity Info > Create Marker M
40853	resource 870 > Entity Info > Create Annotation A
40913	resource 870 > Entity Info > Create Survey Points Along Line Segment...
40489	resource 870 > Entity Info > Zoom All Views To Selected Point Z
40488	resource 870 > Entity Info > Pan All Views To Selected Point P
40990	resource 870 > Entity Info > Set View Rotation Origin O
40585	resource 870 > Entity Info > Show Cross Section at Selected Point C
41008	resource 870 > Entity Info > Show Virtual Profile for Selected Span
41009	resource 870 > Entity Info > Show Virtual Profile for Selected Alignment Segment
41010	resource 870 > Entity Info > Show Virtual Profile Along Selected Line Segment
40937	resource 870 > Entity Info > Switch to Profile View 1
40938	resource 870 > Entity Info > Switch to Plan View 2
40940	resource 870 > Entity Info > Switch to 3D View 3
40939	resource 870 > Entity Info > Switch to Sheet View 4
40941	resource 870 > Entity Info > Switch to Cross Section View 5
40725	resource 870 > Entity Info > View this location in Google Earth
40788	resource 870 > Entity Info > View this location in Google Maps
40928	resource 870 > Entity Info > View this location in Bing Maps
40586	resource 870 > Entity Info > Show LIDAR Video L
40486	resource 870 > Entity Info > Show FLI-MAP Video
38065	resource 870 > Entity Info > Dance Structures
38066	resource 870 > Entity Info > Dance Wires
40965	resource 870 > Entity Info > Toggle Structure Display
40966	resource 870 > Entity Info > Toggle Section Display
40999	resource 870 > Entity Info > Add XY Structure...
41014	resource 870 > Entity Info > Add XY Structure along Line...
41013	resource 870 > Entity Info > Move XY Structure along Line...
41048	resource 870 > Entity Info > Rotate XY Structure to Angle Bisector
41012	resource 870 > Entity Info > Convert Structure to XY Based...
41001	resource 870 > Entity Info > Staking Table T
40865	resource 870 > Entity Info > Modify Structure E
40866	resource 870 > Entity Info > Move Structure M
40930	resource 870 > Entity Info > Rotate Structure R
40867	resource 870 > Entity Info > Delete Structure D
40868	resource 870 > Entity Info > Check Structure
40870	resource 870 > Entity Info > Loads for Structure
40907	resource 870 > Entity Info > Edit Structure
40111	resource 870 > Entity Info > Save Copy of Structure as Method 1
40841	resource 870 > Entity Info > Add Inset View for Structure
40842	resource 870 > Entity Info > Add Phasing Diagram for Structure
40958	resource 870 > Entity Info > Structure Label > Toggle Display
40961	resource 870 > Entity Info > Structure Label > Automatic Rotation Angle
40960	resource 870 > Entity Info > Structure Label > Flip Text Rotation Angle
41093	resource 870 > Entity Info > Add Jumper
41094	resource 870 > Entity Info > Delete Jumper
41095	resource 870 > Entity Info > Edit Jumper
41096	resource 870 > Entity Info > Move Jumper
41098	resource 870 > Entity Info > Copy/Paste Jumper
41097	resource 870 > Entity Info > Graphical Sag Jumper
40871	resource 870 > Entity Info > Modify Section E
40882	resource 870 > Entity Info > Table Edit T
40112	resource 870 > Entity Info > Display Options For All Sections
40873	resource 870 > Entity Info > Delete Section D
40875	resource 870 > Entity Info > Graphical Sag Section
41061	resource 870 > Entity Info > Reverse Stringing Direction
40878	resource 870 > Entity Info > Edit Concentrated Load File
40895	resource 870 > Entity Info > Add Concentrated Load...
40876	resource 870 > Entity Info > Move Concentrated Load...
40886	resource 870 > Entity Info > Copy/Paste Concentrated Load...
40893	resource 870 > Entity Info > Delete Concentrated Load...
40887	resource 870 > Entity Info > Edit Cable File
40881	resource 870 > Entity Info > Section to Section Clearance
40888	resource 870 > Entity Info > Section to Structure Clearance
40663	resource 870 > Entity Info > Section to Ground Centerline Clearance
40664	resource 870 > Entity Info > Section to TIN Vertical Clearance
40665	resource 870 > Entity Info > Section to TIN Minimum Clearance
40879	resource 870 > Entity Info > Sag-Tension
40880	resource 870 > Entity Info > Check
40884	resource 870 > Entity Info > Stringing Chart
40885	resource 870 > Entity Info > Offset Clipping
40041	resource 870 > Entity Info > Galloping
41033	resource 870 > Entity Info > Line Setup
41099	resource 870 > Entity Info > Define Circuit Connection
41100	resource 870 > Entity Info > Edit Circuit Connection
41101	resource 870 > Entity Info > Remove Circuit Connection
41102	resource 870 > Entity Info > Set Circuit Labels
774	resource 870 > Entity Info > Define Circuit Labels
5020	resource 870 > Entity Info > Slip and Clip
40927	resource 870 > Entity Info > Convert to Polygonal... C
40922	resource 870 > Entity Info > Edit Constraint... E
40923	resource 870 > Entity Info > Delete Constraint D
40972	resource 870 > Entity Info > Insert Classic Ruling Span Expression (approximation for nearly level spans)
40973	resource 870 > Entity Info > Insert Improved Ruling Span Expression (better than classic version when spans not level)
41019	resource 870 > Entity Info > Move Guy Anchor > &Snap to Survey Point
41020	resource 870 > Entity Info > Move Guy Anchor > &Freehand
41021	resource 870 > Entity Info > Move Guy Anchor > &Inline with Wire
41022	resource 870 > Entity Info > Move Guy Anchor > Inline with &Alignment
41023	resource 870 > Entity Info > Move Guy Anchor > &Bisect Line Angle
41024	resource 870 > Entity Info > Move Guy Anchor > Slope Intersect with &TIN
41025	resource 870 > Entity Info > Move Attachment Point > &Snap to Survey Point
41026	resource 870 > Entity Info > Move Attachment Point > &Freehand
41027	resource 870 > Entity Info > Move Arm > &Perpendicular to Wire
41028	resource 870 > Entity Info > Move Arm > &Perpendicular to Alignment
41029	resource 870 > Entity Info > Move Pole > &Snap to Survey Point
41030	resource 870 > Entity Info > Move Pole > &Freehand
41031	resource 870 > Entity Info > Move Pole > &Lean to fit Survey Point
41032	resource 870 > Entity Info > &Change Insulator
41110	resource 870 > Entity Info > &Rotate Framing
41111	resource 870 > Entity Info > Set &Property Label
40525	resource 871 > &File > &New > &PLS-CADD
40526	resource 871 > &File > &New > PLS-CADD/&Lite
41051	resource 871 > &File > &New > PLS-CADD/Ultralite
57601	resource 871 > &File > &Open
33440	resource 871 > &File > &Close
40003	resource 871 > &File > &Save Ctrl+S
40004	resource 871 > &File > Save &As...
218	resource 871 > &File > Export > &DXF...
57605	resource 871 > &File > Page Se&tup (Reports)...
57606	resource 871 > &File > P&rint Setup (Graphics)...
57607	resource 871 > &File > &Print... Ctrl+P
57609	resource 871 > &File > Print Pre&view
33347	resource 871 > &File > &Backup...
33348	resource 871 > &File > Restore Back&up...
33349	resource 871 > &File > Pre&ferences...
57616	resource 871 > &File > Recent File
57665	resource 871 > &File > E&xit
57643	resource 871 > &Edit > &Undo Ctrl+Z
57644	resource 871 > &Edit > &Redo Ctrl+Y
57635	resource 871 > &Edit > Cu&t Ctrl+X
57634	resource 871 > &Edit > &Copy Ctrl+C
57637	resource 871 > &Edit > &Paste Ctrl+V
57642	resource 871 > &Edit > Select &All Ctrl-A
57696	resource 871 > &Edit > Fo&nt...
33411	resource 871 > &Edit > Auto&size Font...
57636	resource 871 > &Edit > &Find... Ctrl-F
57641	resource 871 > &Edit > R&eplace... Ctrl-R
33415	resource 871 > &Edit > &Goto Line...
38002	resource 871 > &Edit > Next Result Ctrl-+
38003	resource 871 > &Edit > Previous Result Ctrl--
40121	resource 871 > &Sag-Tension
32884	resource 871 > &Help > &Help Topics
35926	resource 871 > &Help > &View Manual
35927	resource 871 > &Help > &Check for Updated Manual...
35940	resource 871 > &Help > &Select Manual...
35938	resource 871 > &Help > &Download Upgrade...
33481	resource 871 > &Help > Download &Examples...
35932	resource 871 > &Help > D&ownload Alternate Language...
190	resource 871 > &Help > T&ip of the Day...
35930	resource 871 > &Help > Visit the PLS &News Page
35929	resource 871 > &Help > Visit the PLS &Technical Notes Page
35936	resource 871 > &Help > Visit the PLS Online &Library
38387	resource 871 > &Help > &Register for Training Classes...
57664	resource 871 > &Help > &About...
16910	resource 16102 > _POPUP_ > &Reset to Default
16911	resource 16102 > _POPUP_ > &Copy Button Image
16912	resource 16102 > _POPUP_ > &Delete
16913	resource 16102 > _POPUP_ > &Button Appearance...
16914	resource 16102 > _POPUP_ > &Image
16915	resource 16102 > _POPUP_ > &Text
16916	resource 16102 > _POPUP_ > Image &and Text
16917	resource 16102 > _POPUP_ > &Start Group
38102	resource 38118 > Entity Info > Change Snap Settings S
40788	resource 38118 > Entity Info > Go to Location in Google Maps M
40669	resource 38118 > Entity Info > Open CADD Project O
40786	resource 38118 > Entity Info > Open Project KMZ K
40670	resource 38118 > Entity Info > Open Structure File T
40765	resource 38118 > Entity Info > Open P&&P Sheet PDF P
40766	resource 38118 > Entity Info > Open Structure Overview Report V
40787	resource 38118 > Entity Info > Open Construction Staking Report C
38110	resource 38118 > Entity Info > Edit Annotation E
38111	resource 38118 > Entity Info > Delete Annotation D
38112	resource 38118 > Entity Info > Move Annotation Point or Text P
38113	resource 38118 > Entity Info > Rotate Annotation Text T
38114	resource 38118 > Entity Info > Move Annotation Line or Polygon L
38115	resource 38118 > Entity Info > Rotate Annotation Line or Polygon R
38116	resource 38118 > Entity Info > Table Edit Annotations... A
38204	resource 38118 > Entity Info > Copy Annotation C
38205	resource 38118 > Entity Info > Paste Annotation V
38132	resource 38118 > Entity Info > Edit Inset View E
38133	resource 38118 > Entity Info > Delete Inset View D
38134	resource 38118 > Entity Info > Resize Inset View R
38135	resource 38118 > Entity Info > Move Inset View M
38136	resource 38118 > Entity Info > Bring to Front F
38137	resource 38118 > Entity Info > Send to Back B
38138	resource 38118 > Entity Info > Autoscale Inset View U
38160	resource 38118 > Entity Info > Autoscale Inset View to Structure U
38161	resource 38118 > Entity Info > Autoscale Inset View to Visible Members U
38333	resource 38118 > Entity Info > Pan, Rotate, or Zoom Inset View O
38158	resource 38118 > Entity Info > Split Inset Report P
38139	resource 38118 > Entity Info > Table Edit Annotations... A
38176	resource 38118 > Entity Info > Lock L
38210	resource 38118 > Entity Info > Shift Inset View Contents
38030	resource 38118 > Entity Info > Delete This Sheet Page
38101	resource 38118 > Entity Info > Insert Sheet Page Before
38200	resource 38118 > Entity Info > Add Sheets Page > Title
38201	resource 38118 > Entity Info > Add Sheets Page > Note
38202	resource 38118 > Entity Info > Add Sheets Page > Drawing
38203	resource 38118 > Entity Info > Add Sheets Page > Appendix
38211	resource 38118 > Entity Info > Hide Attached DXF or Shapefile H
38212	resource 38118 > Entity Info > Hide Layer L
38213	resource 38118 > Entity Info > Show Overlay Options... O
38214	resource 38118 > Entity Info > Attachment Manager... A
38289	resource 38287 > &Popup > &Close Tab
38288	resource 38287 > &Popup > &Maximize Tab
